{
  "faithfulness": 0.8150000000000001,
  "answer_relevancy": 0.7360292026776899,
  "llm_context_precision_without_reference": 0.6333333332933333
}